station_id,station_code,area_km2
89,Sam_Tyss,13.186753013736949
90,Sam_Tyss_IntCat,0.3912703688753478
91,Sam_Stor,0.05917750449310461
92,Sam_Froe,2.4955779067806216
93,Sam_Frok,10.240727233587938
