station_id,station_code,area_km2
84,Sam_Tyss,13.186753013736949
85,Sam_Tyss_IntCat,0.3912703688753478
86,Sam_Stor,0.04181554229306587
87,Sam_Froe,2.4955779067806216
88,Sam_Frok,10.25808919578798
