station_id,station_code,area_km2
1285,EIR,8.372198282401627
1286,GAU,1.0059959636377008e-07
1287,HAA,1.1829754908401942e-18
1288,HOY,8.61468271214649
