artreslag,n_dep_poly_tonnespyr,area_km2
31,40235.90256963866,73129.90405582177
32,10997.236923060538,29855.882983732066
33,3553.0173659630254,7289.486175315255
39,43850.03727574963,151808.39602919033
98,19055.016024337816,38629.2757088486
99,5484.409635610168,20441.798340391073
