artype,n_dep_poly_tonnespyr,area_km2
10,1347.5240631142933,1772.6021254277728
20,7829.672193412142,12290.029020724669
30,57471.04818241863,124226.9259384969
50,39304.654125101006,136650.14514812324
60,7344.901462415013,21648.396497389756
70,798.3174907908054,2830.0774261616007
81,7406.516674960256,18391.762636086398
82,1672.8322491436138,3344.193681896288
99,0.153352812811344,0.6108181382441203
