arveget,n_dep_poly_tonnespyr,area_km2
51,5291.230974703276,22332.021851902493
52,9423.939585261938,34331.21400632949
53,775.6339206568559,3732.9697061094207
54,10680.936871620914,37103.82049385308
55,12272.065740087446,36580.801503215276
98,83870.9656690698,184504.59814432185
99,860.8470327700568,2569.31758671341
